Weekday_Num,Hour,CPU_Usage,Disk_Activity_KB
5,1,2.7,0.0
5,1,0.0,20.0
5,1,1.3,0.0
5,1,1.2,132.0
5,1,0.0,4.0
5,1,0.0,32.0
5,1,2.5,0.0
5,1,2.6,4.0
5,1,2.7,20.0
5,1,1.2,16.0
5,1,4.2,72.0
5,1,10.8,0.0
5,1,2.8,8.0
5,1,6.6,44.0
5,3,0.0,112.0
5,3,0.0,0.0
5,3,0.0,100.0
5,3,11.5,1244.0
5,3,1.6,936.0
5,3,1.4,76.0
5,3,0.0,28.0
5,3,0.0,264.0
5,3,8.6,48.0
5,3,7.5,16.0
5,3,16.4,660.0
5,3,0.0,132.0
5,3,3.9,44.0
5,3,0.0,96.0
5,3,3.7,332.0
5,3,0.0,120.0
5,3,0.0,0.0
5,3,0.0,100.0
5,3,5.3,4.0
5,3,6.2,88.0
5,3,6.1,68.0
5,3,7.8,0.0
5,3,0.0,0.0
5,3,0.0,12.0
5,3,1.4,0.0
5,3,0.0,56.0
5,3,1.2,0.0
5,3,0.0,100.0
5,3,0.0,12.0
5,3,3.8,52.0
5,3,0.0,136.0
5,3,1.3,0.0
5,3,6.3,156.0
5,3,0.0,72.0
5,3,1.1,44.0
5,3,0.0,112.0
5,3,3.5,56.0
5,3,0.0,20.0
5,3,2.7,68.0
5,3,4.9,52.0
5,3,0.0,52.0
5,3,0.0,80.0
5,3,0.0,64.0
5,3,3.7,0.0
5,3,8.9,72.0
5,3,0.0,0.0
5,3,0.0,16.0
5,3,2.7,0.0
5,3,0.0,16.0
5,3,2.8,88.0
5,3,5.3,92.0
5,3,4.7,0.0
5,3,7.8,376.0
5,3,2.5,260.0
5,3,2.7,4.0
5,3,1.3,20.0
5,3,9.5,0.0
5,3,12.7,1987.0
5,3,7.1,0.0
5,3,1.4,40.0
5,3,0.0,116.0
5,3,0.0,8.0
5,3,3.7,0.0
5,3,1.4,132.0
5,3,0.0,0.0
5,3,3.5,12.0
5,3,58.8,132.0
5,3,0.0,0.0
5,3,42.2,412.0
5,3,7.4,28.0
5,3,29.9,20.0
5,3,11.2,32.0
5,3,69.3,8.0
5,3,10.4,52.0
5,3,8.8,76.0
5,3,0.0,324.0
5,3,5.0,36.0
5,3,1.4,8.0
5,3,13.4,84.0
5,3,8.2,152.0
5,3,14.3,8.0
5,3,18.4,36.0
5,3,16.9,12.0
5,3,0.0,44.0
5,3,1.3,4.0
5,3,0.0,64.0
5,3,7.1,0.0
5,3,0.0,164.0
5,3,0.0,0.0
5,3,0.0,4.0
5,3,1.3,0.0
5,3,6.0,12.0
5,3,0.0,80.0
5,3,0.0,12.0
5,3,0.0,0.0
5,3,0.0,152.0
5,3,2.4,4.0
5,3,4.2,100.0
5,3,0.0,20.0
5,3,3.3,20.0
5,3,3.7,24.0
5,3,1.4,4.0
5,3,4.1,220.0
5,3,5.5,184.0
5,3,17.4,84.0
5,3,0.0,12.0
5,3,2.7,148.0
5,3,4.1,0.0
5,3,1.4,24.0
5,3,0.0,0.0
5,3,4.2,48.0
5,3,1.2,8.0
5,3,0.0,20.0
5,3,0.0,12.0
5,3,2.6,16.0
5,3,2.8,16.0
5,3,1.4,132.0
5,3,0.0,0.0
5,3,0.0,16.0
5,3,2.4,0.0
5,3,2.4,120.0
5,3,2.5,120.0
5,3,1.3,232.0
5,3,4.2,28.0
5,3,0.0,4.0
5,3,0.0,112.0
5,3,1.2,8.0
5,3,0.0,68.0
5,3,0.0,4.0
5,3,2.7,76.0
5,3,0.0,104.0
5,3,1.4,48.0
5,3,0.0,0.0
5,3,0.0,24.0
5,3,0.0,52.0
5,3,0.0,384.0
5,3,1.4,0.0
5,3,2.7,48.0
5,3,0.0,552.0
5,3,0.0,116.0
5,3,0.0,0.0
5,3,5.2,12.0
5,3,0.0,0.0
5,3,0.0,12.0
5,3,8.2,148.0
5,3,0.0,28.0
5,3,1.4,188.0
5,3,49.4,172.0
5,3,3.9,256.0
5,3,2.4,300.0
5,3,0.0,108.0
5,3,49.3,1924.0
5,3,13.3,208.0
5,3,21.1,236.0
5,3,17.9,8.0
5,3,8.1,0.0
5,3,15.7,180.0
5,3,17.4,12.0
5,3,44.2,72.0
5,3,7.1,24.0
5,3,9.1,12.0
5,3,14.3,156.0
5,3,8.2,24.0
5,3,0.0,584.0
5,3,0.0,4.0
5,3,0.0,64.0
5,3,0.0,84.0
5,3,15.4,84.0
5,13,100.0,7784.5
5,13,44.9,1245.5
5,13,50.7,452.0
5,13,46.2,4552.0
5,13,5.3,164.0
5,13,100.0,7403.0
5,13,98.6,2771.0
5,13,22.4,804.0
5,13,22.9,100.0
5,13,16.5,1057.5
5,13,19.7,520.0
5,13,8.0,144.0
5,13,0.0,204.0
5,13,8.0,32.0
5,13,5.5,40.0
5,13,1.3,60.0
5,13,2.5,40.0
5,13,0.0,4.0
5,13,9.2,104.0
5,13,0.0,0.0
5,13,1.2,60.0
5,13,1.4,0.0
5,13,1.4,44.0
5,13,1.6,0.0
5,13,0.0,68.0
5,13,1.4,0.0
5,13,0.0,0.0
5,13,0.0,0.0
5,13,1.4,0.0
5,13,24.4,12.0
5,13,7.1,28.0
5,13,25.6,44.0
5,13,5.0,0.0
5,13,5.3,432.0
5,13,11.9,28.0
5,13,5.0,56.0
5,13,31.3,4.0
5,13,15.2,44.0
5,13,14.7,124.0
5,13,25.0,96.0
5,13,15.5,28.0
5,13,22.9,236.0
5,13,1.3,104.0
5,13,12.0,124.0
5,13,16.5,192.0
5,13,10.8,72.0
5,13,0.0,352.0
5,13,13.5,68.0
5,13,1.4,80.0
5,13,0.0,0.0
5,13,0.0,60.0
5,13,0.0,192.0
5,13,2.7,168.0
5,13,1.2,28.0
5,13,2.4,128.0
5,13,4.2,84.0
5,13,2.4,28.0
5,13,3.7,32.0
5,13,1.3,8.0
5,13,0.0,40.0
5,13,0.0,104.0
5,13,0.0,32.0
5,13,2.8,4.0
5,13,1.2,124.0
5,13,0.0,4.0
5,13,8.0,52.0
5,13,1.4,0.0
5,13,2.7,36.0
5,13,4.1,12.0
5,13,0.0,20.0
5,13,0.0,24.0
5,13,0.0,8.0
5,13,3.7,0.0
5,13,3.5,20.0
5,13,4.1,4.0
5,13,2.2,264.0
5,13,0.0,0.0
5,13,2.4,0.0
5,13,0.0,16.0
5,13,2.4,4.0
5,13,0.0,12.0
5,13,4.8,8.0
5,13,1.4,112.0
5,13,0.0,8.0
5,13,0.0,20.0
5,13,2.6,16.0
5,13,4.8,40.0
5,13,12.3,248.0
5,13,1.3,128.0
5,13,0.0,8.0
5,13,0.0,12.0
5,13,2.4,16.0
5,13,1.2,24.0
5,13,0.0,0.0
5,13,0.0,84.0
5,13,2.4,0.0
5,13,1.2,16.0
5,13,20.3,1060.0
5,13,0.0,572.5
5,13,0.0,0.0
5,13,71.4,3164.0
5,13,8.9,5270.5
5,13,3.7,432.0
5,13,23.3,556.0
5,13,2.5,660.0
5,13,0.0,244.0
5,13,1.2,4.0
5,13,0.0,0.0
5,13,0.0,152.0
5,13,3.2,128.0
5,13,0.0,224.0
5,13,2.6,8.0
5,13,1.4,0.0
5,13,1.4,0.0
5,13,0.0,8.0
5,13,1.1,0.0
5,13,2.4,80.0
5,13,0.0,4.0
5,13,0.0,0.0
5,13,0.0,124.0
5,13,2.4,8.0
5,13,2.7,116.0
5,13,2.7,40.0
5,13,0.0,12.0
5,13,0.0,120.0
5,13,0.0,208.0
5,13,2.4,0.0
5,13,0.0,56.0
5,13,0.0,0.0
5,13,2.7,52.0
5,13,2.4,4.0
5,13,13.3,12.0
5,13,14.0,0.0
5,13,0.0,456.0
5,13,3.5,28.0
5,13,1.2,440.0
5,13,13.3,6161.0
5,13,0.0,456.0
5,13,0.0,76.0
5,13,8.3,2391.0
5,13,0.0,0.0
5,13,15.4,68.0
5,13,2.5,0.0
5,13,1.4,48.0
5,13,2.4,104.0
5,13,1.2,96.0
5,13,3.1,4.0
5,13,1.4,112.0
5,13,1.4,24.0
5,13,11.0,12.0
5,13,0.0,1392.0
5,13,1.6,0.0
5,13,21.5,564.0
5,13,0.0,684.0
5,13,1.4,292.0
5,13,5.2,96.0
5,13,4.9,92.0
5,13,0.0,128.0
5,13,0.0,0.0
5,13,1.2,0.0
5,13,1.2,0.0
5,13,4.0,8.0
5,13,6.6,0.0
5,13,1.2,0.0
5,13,0.0,140.0
5,13,1.2,0.0
5,13,9.6,116.0
5,13,2.6,0.0
5,13,0.0,4.0
5,13,2.5,0.0
5,13,0.0,68.0
5,13,2.8,0.0
5,13,1.4,144.0
5,13,3.8,36.0
5,13,2.7,96.0
5,13,0.0,28.0
5,13,5.4,0.0
5,13,0.0,172.0
5,13,0.0,0.0
5,13,7.1,32.0
5,13,2.4,4.0
5,13,4.1,60.0
5,13,2.6,8.0
5,13,2.6,1608.0
5,13,22.2,628.0
5,13,9.2,64.0
5,13,5.3,0.0
5,13,0.0,28.0
5,13,0.0,0.0
5,13,8.8,21465.0
5,13,10.8,15444.0
5,13,34.9,12688.5
5,13,11.8,633.5
5,13,7.7,3763.0
5,13,11.5,3176.0
5,13,8.8,4482.5
5,13,19.1,1344.0
5,13,0.0,180.0
5,13,0.0,44.0
5,13,1.4,28.0
5,13,0.0,136.0
5,13,3.1,276.0
5,13,4.8,24.0
5,13,1.4,60.0
5,13,0.0,48.0
5,13,0.0,16.0
5,13,4.1,132.0
5,13,0.0,8.0
5,13,0.0,24.0
5,13,0.0,0.0
5,13,4.9,228.0
5,13,2.8,4.0
5,13,0.0,28.0
5,13,1.3,0.0
5,13,2.7,8.0
5,13,0.0,0.0
5,13,3.8,0.0
5,13,0.0,0.0
5,13,0.0,8.0
5,13,0.0,0.0
5,13,0.0,8.0
5,13,2.6,0.0
5,13,0.0,8.0
5,13,0.0,76.0
5,13,2.4,0.0
5,13,3.9,100.0
5,13,5.4,0.0
5,13,0.0,24.0
5,13,0.0,4.0
5,13,1.4,32.0
5,13,0.0,104.0
5,13,2.4,52.0
5,13,0.0,12.0
5,13,0.0,8.0
5,13,1.4,0.0
5,13,0.0,24.0
5,13,4.1,0.0
5,13,1.3,28.0
5,13,2.7,0.0
5,13,0.0,40.0
5,13,0.0,144.0
5,13,1.3,0.0
5,13,0.0,0.0
5,13,2.7,0.0
5,13,0.0,136.0
5,13,0.0,12.0
5,13,1.2,0.0
5,13,0.0,8.0
5,13,0.0,540.0
5,13,0.0,92.0
5,13,5.3,56.0
5,13,1.2,0.0
5,13,4.0,56.0
5,13,0.0,140.0
5,13,2.7,252.0
5,13,0.0,24.0
5,13,3.9,0.0
5,13,0.0,96.0
5,13,0.0,20.0
5,13,0.0,0.0
5,13,0.0,32.0
5,13,2.7,0.0
5,13,4.1,124.0
5,13,5.3,8.0
5,13,1.2,40.0
5,13,3.4,80.0
5,13,10.7,0.0
5,13,4.8,84.0
5,13,0.0,0.0
5,13,0.0,4.0
5,13,0.0,116.0
5,13,9.5,0.0
5,13,0.0,120.0
5,13,0.0,0.0
5,13,0.0,0.0
5,13,2.6,0.0
5,13,1.4,104.0
5,13,0.0,48.0
5,13,0.0,192.0
5,13,2.5,32.0
5,13,7.1,0.0
5,13,3.8,172.0
5,13,5.5,8.0
5,13,0.0,24.0
5,13,2.7,0.0
5,13,0.0,56.0
5,13,1.3,112.0
5,13,2.4,0.0
5,13,0.0,0.0
5,13,0.0,156.0
5,13,0.0,4.0
5,13,2.4,0.0
5,13,2.4,0.0
5,13,0.0,20.0
5,13,0.0,56.0
5,13,0.0,224.0
5,13,4.1,0.0
5,13,2.6,52.0
5,13,14.1,188.0
5,13,1.3,204.0
5,13,0.0,352.0
5,13,2.0,8.0
5,13,0.0,144.0
5,13,0.0,4.0
5,13,0.0,60.0
5,13,0.0,0.0
5,13,2.7,56.0
5,13,0.0,0.0
5,13,0.0,36.0
5,13,0.0,120.0
5,13,1.2,24.0
5,13,2.4,68.0
5,13,0.0,196.0
5,13,0.0,4.0
5,13,4.8,68.0
5,13,0.0,0.0
5,13,9.6,60.0
5,13,0.0,0.0
5,13,6.9,104.0
5,13,0.0,0.0
5,13,2.5,4.0
5,13,4.4,76.0
5,13,0.0,88.0
5,13,2.7,0.0
5,13,0.0,8.0
5,13,2.3,12.0
5,13,2.4,32.0
5,13,0.0,8.0
5,13,0.0,0.0
5,13,0.0,0.0
5,13,3.9,4.0
5,13,2.5,288.0
5,13,0.0,12.0
5,13,9.5,12.0
5,13,3.7,0.0
5,13,0.0,24.0
5,13,1.3,140.0
5,13,2.4,32.0
5,13,0.0,0.0
5,13,0.0,156.0
5,13,0.0,0.0
5,13,4.1,340.0
5,13,0.0,12.0
5,13,0.0,28.0
5,13,0.0,0.0
5,13,2.4,108.0
5,13,1.2,0.0
5,13,0.0,168.0
5,13,0.0,0.0
5,13,0.0,24.0
5,13,1.4,96.0
5,13,6.8,12.0
5,13,0.0,0.0
5,13,0.0,0.0
5,13,0.0,12.0
5,13,0.0,164.0
5,14,15.2,80.0
5,14,4.7,0.0
5,14,0.0,40.0
5,14,2.4,20.0
5,14,0.0,152.0
5,14,2.5,8.0
5,14,0.0,52.0
5,14,0.0,128.0
5,14,0.0,20.0
5,14,0.0,20.0
5,14,1.4,48.0
5,14,0.0,0.0
5,14,2.7,16.0
5,14,3.9,104.0
5,14,0.0,24.0
5,14,1.3,232.0
5,14,7.6,24.0
5,14,0.0,0.0
5,14,1.4,0.0
5,14,2.4,0.0
5,14,2.4,20.0
5,14,0.0,0.0
5,14,2.4,4.0
5,14,0.0,0.0
5,14,3.8,12.0
5,14,3.2,860.0
5,14,4.7,52.0
5,14,0.0,56.0
5,14,0.0,0.0
5,14,1.4,64.0
5,14,2.6,8.0
5,14,2.8,32.0
5,14,0.0,112.0
5,14,5.3,24.0
5,14,0.0,24.0
5,14,4.3,8.0
5,14,1.4,148.0
5,14,10.0,12.0
5,14,2.6,0.0
5,14,6.3,112.0
5,14,4.0,0.0
5,14,0.0,144.0
5,14,9.9,4.0
5,14,0.0,20.0
5,14,0.0,80.0
5,14,9.6,0.0
5,14,15.3,0.0
5,14,0.0,172.0
5,14,2.7,0.0
5,14,0.0,20.0
5,14,2.7,0.0
5,14,2.7,24.0
5,14,0.0,140.0
5,14,0.0,8.0
5,14,0.0,4.0
5,14,3.6,8.0
5,14,0.0,160.0
5,14,4.9,52.0
5,14,0.0,132.0
5,14,0.0,12.0
5,14,3.9,48.0
5,14,0.0,32.0
5,14,0.0,8.0
5,14,0.0,16.0
5,14,0.0,36.0
5,14,2.8,56.0
5,14,1.3,124.0
5,14,6.0,0.0
5,14,1.4,32.0
5,14,0.0,0.0
5,14,28.8,648.0
5,14,0.0,0.0
5,14,0.0,637.5
5,14,0.0,0.0
5,14,0.0,0.0
5,14,2.7,116.0
5,14,2.4,24.0
5,14,2.7,0.0
5,14,13.0,4984.0
5,14,1.2,4.0
5,14,2.7,40.0
5,14,0.0,28.0
5,14,0.0,8.0
5,14,2.4,168.0
5,14,3.7,0.0
5,14,12.7,136.0
5,14,0.0,204.0
5,14,0.0,24.0
5,14,0.0,20.0
5,14,0.0,176.0
5,14,3.6,0.0
5,14,6.0,204.0
5,14,5.3,0.0
5,14,0.0,44.0
5,14,3.5,4.0
5,14,1.4,0.0
5,14,3.7,0.0
5,14,0.0,0.0
5,14,0.0,120.0
5,14,0.0,8.0
5,14,1.4,0.0
5,14,4.8,100.0
5,14,0.0,0.0
5,14,4.1,140.0
5,14,0.0,152.0
5,14,7.1,8.0
5,14,0.0,52.0
5,14,0.0,0.0
5,14,6.9,4.0
5,14,0.0,16.0
5,14,4.9,124.0
5,14,10.3,152.0
5,14,0.0,620.0
5,14,0.0,60.0
5,14,0.0,36.0
5,14,13.9,12.0
5,14,7.7,24.0
5,14,7.1,148.0
5,14,2.4,20.0
5,14,15.8,0.0
5,14,7.8,16.0
5,14,2.7,160.0
5,14,14.3,92.0
5,14,1.4,0.0
5,14,5.4,4.0
5,14,2.7,0.0
5,14,1.3,0.0
5,14,8.6,0.0
5,14,0.0,0.0
5,14,2.6,0.0
5,14,4.9,12.0
5,14,0.0,12.0
5,14,0.0,4.0
5,14,0.0,28.0
5,14,29.5,16.0
5,14,1.2,124.0
5,14,0.0,0.0
5,14,0.0,236.0
5,14,0.0,4.0
5,14,0.0,40.0
5,14,2.7,88.0
5,14,7.0,28.0
5,14,0.0,4.0
5,14,0.0,0.0
5,14,0.0,12.0
5,14,2.7,80.0
5,14,0.0,0.0
5,14,3.7,24.0
5,14,4.9,0.0
5,14,0.0,12.0
5,14,3.6,0.0
5,14,14.5,240.0
5,14,0.0,0.0
5,14,0.0,0.0
5,14,0.0,12.0
5,14,4.3,8.0
5,14,0.0,0.0
5,14,6.0,20.0
5,14,1.4,124.0
5,14,0.0,36.0
5,14,1.4,40.0
5,14,7.0,28.0
5,14,0.0,40.0
5,14,0.0,112.0
5,14,0.0,24.0
5,14,3.6,32.0
5,14,0.0,104.0
5,14,0.0,0.0
5,14,0.0,176.0
5,14,0.0,0.0
5,14,2.8,16.0
5,14,0.0,0.0
5,14,0.0,44.0
5,14,5.3,136.0
5,14,4.1,136.0
5,14,2.4,0.0
5,14,0.0,4.0
5,14,0.0,92.0
5,14,0.0,20.0
5,14,1.2,0.0
5,14,2.8,20.0
5,14,0.0,0.0
5,14,0.0,116.0
5,14,0.0,28.0
5,14,2.4,8.0
5,14,3.3,84.0
5,14,2.7,736.0
5,14,1.2,104.0
5,14,2.5,12.0
5,14,0.0,32.0
5,14,1.2,104.0
5,14,6.8,136.0
5,14,0.0,204.0
5,14,2.7,32.0
5,14,0.0,0.0
5,14,2.4,28.0
5,14,0.0,160.0
5,14,0.0,4.0
5,14,0.0,0.0
5,14,0.0,4.0
5,14,2.7,12.0
5,14,0.0,224.0
5,14,0.0,0.0
5,14,0.0,4.0
5,14,0.0,0.0
5,14,3.1,8.0
5,14,0.0,196.0
5,14,0.0,4.0
5,14,0.0,0.0
5,14,0.0,32.0
5,14,1.4,8.0
5,14,3.9,152.0
5,14,0.0,52.0
5,14,0.0,4.0
5,14,3.9,100.0
5,14,2.4,132.0
5,14,0.0,96.0
5,14,1.4,20.0
5,14,0.0,16.0
5,14,1.4,52.0
5,14,4.2,120.0
5,14,0.0,0.0
5,14,0.0,40.0
5,14,0.0,0.0
5,14,1.4,40.0
5,14,1.6,0.0
5,14,1.3,60.0
5,14,5.7,0.0
5,14,0.0,4.0
5,14,1.2,112.0
5,14,2.4,12.0
5,14,0.0,0.0
5,14,3.6,8.0
5,14,0.0,52.0
5,14,2.7,88.0
5,14,6.3,128.0
5,14,0.0,24.0
5,14,0.0,4.0
5,14,1.4,156.0
5,14,0.0,24.0
5,14,7.3,72.0
5,14,0.0,64.0
5,14,0.0,4.0
5,14,0.0,156.0
5,14,0.0,36.0
5,14,2.8,136.0
5,14,12.0,8.0
5,14,9.2,36.0
5,14,1.2,0.0
5,14,3.4,200.0
5,14,9.2,0.0
5,14,1.3,16.0
5,14,0.0,96.0
5,14,0.0,12.0
5,14,7.9,24.0
5,14,2.5,68.0
5,14,2.7,0.0
5,14,0.0,128.0
5,14,1.4,0.0
5,14,0.0,4.0
5,14,1.2,0.0
5,14,5.0,12.0
5,14,6.5,0.0
5,14,0.0,8.0
5,14,0.0,16.0
5,14,1.2,116.0
5,14,5.3,12.0
5,14,0.0,4.0
5,14,0.0,76.0
5,14,0.0,4.0
5,14,8.2,72.0
5,14,4.9,112.0
5,14,5.6,28.0
5,14,10.6,244.0
5,14,0.0,20.0
5,14,4.1,0.0
5,14,2.7,136.0
5,14,2.5,132.0
5,14,0.0,4.0
5,14,4.8,0.0
5,14,2.3,768.0
5,14,2.7,0.0
5,14,0.0,4.0
5,14,0.0,0.0
5,14,2.8,4.0
5,14,2.7,88.0
5,14,11.0,44.0
5,14,0.0,0.0
5,14,2.8,4.0
5,14,0.0,24.0
5,14,1.3,44.0
5,14,100.0,72.0
5,14,3.6,8.0
5,14,4.9,24.0
5,14,0.0,36.0
5,14,2.5,24.0
5,14,0.0,8.0
5,14,2.4,48.0
5,14,0.0,8.0
5,14,0.0,16.0
5,14,6.8,88.0
5,14,0.0,24.0
5,14,0.0,0.0
5,14,0.0,4.0
5,14,0.0,0.0
5,14,3.8,144.0
5,14,0.0,0.0
5,14,4.1,4.0
5,14,0.0,0.0
5,14,4.9,212.0
5,14,2.5,0.0
5,14,0.0,92.0
5,14,1.2,0.0
5,14,0.0,4.0
5,14,2.6,112.0
5,14,1.3,24.0
5,14,0.0,212.0
5,14,2.7,4.0
5,14,0.0,0.0
5,14,2.7,152.0
5,14,6.8,16.0
5,14,2.5,8.0
5,14,0.0,32.0
5,14,0.0,184.0
5,14,0.0,168.0
5,14,2.6,8.0
5,14,1.4,20.0
5,14,0.0,0.0
5,14,8.1,12.0
5,14,7.8,0.0
5,14,1.4,16.0
5,14,2.4,12.0
5,14,26.8,524.0
5,14,3.9,100.0
5,14,0.0,44.0
5,14,3.2,0.0
5,14,2.7,76.0
5,14,0.0,328.0
5,14,0.0,124.0
5,14,1.2,0.0
5,14,4.8,124.0
5,14,2.6,0.0
5,14,0.0,156.0
5,14,0.0,172.0
5,14,1.3,4.0
5,14,1.3,0.0
5,14,0.0,4.0
5,14,7.1,144.0
5,14,4.8,228.0
5,14,5.4,56.0
5,14,1.2,4.0
5,14,0.0,48.0
5,14,6.1,12.0
5,14,0.0,60.0
5,14,1.2,0.0
5,14,5.2,24.0
5,14,0.0,0.0
5,14,5.3,4.0
5,14,0.0,128.0
5,14,1.4,0.0
5,14,1.4,104.0
5,14,0.0,4.0
5,14,0.0,96.0
5,14,1.4,32.0
5,14,2.3,0.0
5,14,1.2,28.0
5,14,1.4,112.0
5,14,7.6,16.0
5,14,0.0,0.0
5,14,0.0,0.0
5,14,4.8,108.0
5,14,1.4,16.0
5,14,0.0,12.0
5,14,4.9,32.0
5,14,0.0,52.0
5,14,2.5,56.0
5,14,0.0,48.0
5,14,0.0,8.0
5,14,2.4,28.0
5,14,0.0,0.0
5,14,2.8,104.0
5,14,4.2,0.0
5,14,0.0,12.0
5,14,0.0,0.0
5,14,1.2,0.0
5,14,2.8,132.0
5,14,0.0,64.0
5,14,1.2,12.0
5,14,0.0,64.0
5,14,0.0,116.0
5,14,5.5,0.0
5,14,0.0,0.0
5,14,2.7,24.0
5,14,4.1,0.0
5,14,3.1,104.0
5,14,7.6,28.0
5,14,1.3,180.0
5,14,2.4,44.0
5,14,2.7,104.0
5,14,1.3,116.0
5,14,4.8,12.0
5,14,2.7,84.0
5,14,10.9,28.0
5,14,3.6,16.0
5,14,4.7,4.0
5,14,3.8,52.0
5,14,0.0,212.0
5,14,0.0,308.0
5,14,0.0,4.0
5,14,1.4,12.0
5,14,2.7,0.0
5,14,0.0,0.0
5,14,1.0,104.0
5,14,4.2,8.0
5,14,2.6,0.0
5,14,2.8,132.0
5,14,0.0,0.0
5,14,1.2,136.0
5,14,0.0,16.0
5,14,1.2,24.0
5,14,7.1,24.0
5,14,1.3,144.0
5,14,1.2,44.0
5,14,0.0,128.0
5,14,5.9,40.0
5,14,2.7,16.0
5,14,10.5,188.0
5,14,0.0,208.0
5,14,0.0,164.0
5,14,0.0,60.0
5,14,2.5,60.0
5,14,0.0,132.0
5,14,5.2,28.0
5,14,0.0,0.0
5,14,1.2,24.0
5,14,1.3,0.0
5,14,0.0,96.0
5,14,0.0,0.0
5,14,0.0,0.0
5,14,2.4,0.0
5,14,1.4,112.0
5,14,0.0,0.0
5,14,0.0,0.0
5,14,3.9,80.0
5,14,0.0,4.0
5,14,1.3,4.0
5,14,0.0,0.0
5,14,0.0,8.0
5,14,2.4,12.0
5,14,0.0,112.0
5,14,2.5,4.0
5,14,0.0,148.0
5,14,0.0,0.0
5,14,3.9,1204.0
5,14,1.2,64.0
5,14,3.7,12.0
5,14,1.4,24.0
5,14,1.4,172.0
5,14,0.0,0.0
5,14,1.2,52.0
5,14,1.4,0.0
5,14,0.0,16.0
5,14,2.4,0.0
5,14,6.8,32.0
5,14,0.0,0.0
5,14,2.2,200.0
5,14,0.0,0.0
5,14,4.1,0.0
5,14,0.0,0.0
5,14,0.0,0.0
5,14,4.9,124.0
5,14,0.0,4.0
5,14,0.0,0.0
5,14,0.0,100.0
5,14,0.0,28.0
5,14,5.1,116.0
5,14,7.5,72.0
5,14,0.0,0.0
5,14,2.4,32.0
5,14,0.0,104.0
5,14,6.9,52.0
5,14,0.0,144.0
5,14,5.2,0.0
5,14,0.0,0.0
5,14,4.9,152.0
5,14,3.2,0.0
5,14,4.9,28.0
5,14,5.3,12.0
5,14,3.7,0.0
5,14,0.0,104.0
5,14,1.6,201.0
5,14,0.0,0.0
5,14,0.0,4.0
5,14,2.5,0.0
5,14,0.0,164.0
5,14,2.4,0.0
5,14,0.0,12.0
5,14,0.0,12.0
5,14,3.4,128.0
5,14,0.0,120.0
5,14,2.4,4.0
5,14,0.0,0.0
5,14,0.0,4.0
5,14,6.1,128.0
5,14,0.0,0.0
5,14,3.0,52.0
5,14,0.0,0.0
5,14,0.0,48.0
5,14,1.3,92.0
5,14,5.3,20.0
5,14,1.4,12.0
5,14,0.0,48.0
5,14,2.8,0.0
5,14,0.0,140.0
5,14,0.0,12.0
5,14,4.0,48.0
5,14,0.0,0.0
5,14,3.7,0.0
5,14,0.0,108.0
5,14,1.3,4.0
5,14,9.4,80.0
5,14,0.0,4.0
5,14,0.0,136.0
5,14,0.0,0.0
5,14,0.0,4.0
5,14,2.5,0.0
5,14,0.0,0.0
5,14,0.0,112.0
5,14,2.7,24.0
5,14,1.3,0.0
5,14,2.7,44.0
5,14,0.0,144.0
5,14,3.5,284.0
5,14,0.0,0.0
5,14,0.0,28.0
5,14,4.1,40.0
5,14,0.0,120.0
5,14,0.0,0.0
5,14,4.2,16.0
5,14,4.1,0.0
5,14,6.1,28.0
5,14,2.4,116.0
5,14,0.0,8.0
5,14,4.1,0.0
5,14,1.3,0.0
5,14,5.9,16.0
5,14,0.0,0.0
5,14,0.0,0.0
5,14,0.0,12.0
5,14,0.0,0.0
5,14,4.1,4.0
5,14,0.0,24.0
5,14,0.0,32.0
5,14,5.6,4.0
5,14,0.0,4.0
5,14,5.3,36.0
5,14,0.0,0.0
5,14,0.0,180.0
5,14,1.4,0.0
5,14,5.3,128.0
5,14,3.9,60.0
5,14,0.0,56.0
5,14,3.6,0.0
5,14,0.0,0.0
5,14,3.7,4.0
5,14,2.7,340.0
5,14,0.0,0.0
5,14,1.2,28.0
5,14,0.0,0.0
5,14,6.2,16.0
5,14,1.3,12.0
5,14,2.4,4.0
5,14,0.0,0.0
5,14,6.7,160.0
5,14,2.6,0.0
5,14,6.1,16.0
5,14,0.0,0.0
5,14,0.0,12.0
5,14,0.0,124.0
5,14,2.6,116.0
5,14,2.4,16.0
5,14,0.0,172.0
5,14,6.8,668.0
5,14,0.0,0.0
5,14,1.4,164.0
5,14,3.1,0.0
5,14,0.0,20.0
5,14,0.0,4.0
5,14,3.8,32.0
5,15,6.0,0.0
5,15,3.7,4.0
5,15,0.0,0.0
5,15,5.3,132.0
5,15,0.0,0.0
5,15,0.0,12.0
5,15,4.2,0.0
5,15,1.2,0.0
5,15,0.0,12.0
5,15,6.0,52.0
5,15,0.0,0.0
5,15,3.8,0.0
5,15,0.0,0.0
5,15,0.0,0.0
5,15,11.5,112.0
5,15,0.0,8.0
5,15,2.7,0.0
5,15,0.0,4.0
5,15,0.0,32.0
5,15,0.0,52.0
5,15,1.4,40.0
5,15,2.6,24.0
5,15,0.0,240.0
5,15,0.0,0.0
5,15,1.3,144.0
5,15,14.7,712.0
5,15,1.1,8.0
5,15,0.0,136.0
5,15,1.4,28.0
5,15,0.0,56.0
5,15,0.0,28.0
5,15,3.7,40.0
5,15,0.0,4.0
5,15,0.0,0.0
5,15,0.0,116.0
5,15,7.6,40.0
5,15,2.4,4.0
5,15,0.0,12.0
5,15,1.4,0.0
5,15,0.0,48.0
5,15,2.6,12.0
5,15,6.0,124.0
5,15,0.0,16.0
5,15,0.0,168.0
5,15,0.0,60.0
5,15,0.0,20.0
5,15,6.0,96.0
5,15,0.0,32.0
5,15,2.7,16.0
5,15,0.0,132.0
5,15,0.0,144.0
5,15,2.7,148.0
5,15,0.0,0.0
5,15,8.3,0.0
5,15,11.8,4.0
5,15,2.8,64.0
5,15,1.4,0.0
5,15,0.0,0.0
5,15,0.0,0.0
5,15,0.0,164.0
5,15,0.0,4.0
5,15,2.8,0.0
5,15,0.0,0.0
5,15,1.4,0.0
5,15,0.0,4.0
5,15,0.0,104.0
5,15,2.1,0.0
5,15,0.0,184.0
5,15,0.0,0.0
5,15,0.0,144.0
5,15,0.0,44.0
5,15,2.8,76.0
5,15,2.5,172.0
5,15,0.0,0.0
5,15,0.0,88.0
5,15,6.5,0.0
5,15,5.3,40.0
5,15,0.0,28.0
5,15,6.2,892.0
5,15,12.8,0.0
5,15,0.0,28.0
5,15,6.3,0.0
5,15,0.0,0.0
5,15,0.0,108.0
5,15,0.0,0.0
5,15,0.0,0.0
5,15,6.6,244.0
5,15,2.4,0.0
5,15,0.0,132.0
5,15,11.0,0.0
5,15,4.0,12.0
5,15,2.8,0.0
5,15,2.6,112.0
5,15,3.7,60.0
5,15,0.0,272.0
5,15,0.0,136.0
5,15,7.4,0.0
5,15,1.2,164.0
5,15,2.7,188.0
5,15,0.0,24.0
5,15,0.0,0.0
5,15,2.7,36.0
5,15,0.0,96.0
5,15,3.9,64.0
5,15,0.0,0.0
5,15,0.0,0.0
5,15,2.6,12.0
5,15,0.0,56.0
5,15,0.0,0.0
5,15,0.0,0.0
5,15,0.0,12.0
5,15,6.9,4.0
5,15,6.0,0.0
5,15,2.4,0.0
5,15,0.0,0.0
5,15,2.6,116.0
5,15,4.3,0.0
5,15,1.2,0.0
5,15,0.0,0.0
5,15,8.2,884.0
5,15,1.3,200.0
5,15,1.4,0.0
5,15,0.0,12.0
5,15,1.2,0.0
5,15,1.2,208.0
5,15,0.0,36.0
5,15,3.2,28.0
5,15,0.0,0.0
5,15,1.3,1004.0
5,15,0.0,12.0
5,15,0.0,88.0
5,15,8.1,0.0
5,15,0.0,116.0
5,15,0.0,0.0
5,15,1.3,148.0
5,15,0.0,0.0
5,15,4.7,64.0
5,15,4.1,4.0
5,15,0.0,56.0
5,15,0.0,132.0
5,15,1.2,28.0
5,15,4.8,0.0
5,15,0.0,40.0
5,15,0.0,348.0
5,15,0.0,0.0
5,15,1.3,108.0
5,15,10.1,84.0
5,15,1.4,856.0
5,15,2.7,144.0
5,15,2.5,868.0
5,15,0.0,24.0
5,15,2.8,60.0
5,15,9.1,704.0
5,15,0.0,188.0
5,15,2.3,12.0
5,15,0.0,8.0
5,15,2.4,0.0
5,15,2.7,116.0
5,15,2.4,0.0
5,15,0.0,52.0
5,15,1.8,0.0
5,15,2.5,8.0
5,15,0.0,244.0
5,15,0.0,0.0
5,15,2.5,260.0
5,15,0.0,0.0
5,15,2.4,108.0
5,15,0.0,140.0
5,15,0.0,0.0
5,15,5.3,0.0
5,15,0.0,0.0
5,15,2.8,104.0
5,15,0.0,0.0
5,15,0.0,0.0
5,15,2.6,12.0
5,15,0.0,96.0
5,15,7.4,48.0
5,15,0.0,0.0
5,15,2.7,52.0
5,15,6.5,4.0
5,15,1.2,144.0
5,15,1.2,0.0
5,15,0.0,64.0
5,15,6.5,0.0
5,15,0.0,16.0
5,15,1.2,84.0
5,15,1.4,0.0
5,15,4.9,0.0
5,15,0.0,0.0
5,15,0.0,152.0
5,15,0.0,12.0
5,15,1.6,0.0
5,15,5.4,80.0
5,15,0.0,4.0
5,15,0.0,88.0
5,15,0.0,0.0
5,15,2.7,0.0
5,15,2.5,12.0
5,15,0.0,12.0
5,15,0.0,56.0
5,15,0.0,0.0
5,15,2.8,36.0
5,15,2.7,0.0
5,15,0.0,0.0
5,15,3.8,120.0
5,15,1.2,36.0
5,15,1.2,24.0
5,15,0.0,8.0
5,15,2.6,8.0
5,15,0.0,72.0
5,15,2.5,4.0
5,15,6.0,8.0
5,15,1.4,0.0
5,15,0.0,236.0
5,15,22.6,24.0
5,15,0.0,0.0
5,15,2.7,128.0
5,15,0.0,124.0
5,15,0.0,0.0
5,15,8.4,4.0
5,15,0.0,0.0
5,15,7.4,120.0
5,15,2.7,16.0
5,15,1.6,0.0
5,15,0.0,40.0
5,15,0.0,0.0
5,15,1.2,132.0
5,15,0.0,28.0
5,15,0.0,32.0
5,15,0.0,4.0
5,15,0.0,28.0
5,15,10.6,148.0
5,15,3.9,8.0
5,15,1.2,0.0
5,15,0.0,240.0
5,15,0.0,0.0
5,15,1.2,132.0
5,15,0.0,0.0
5,15,0.0,140.0
5,15,1.4,0.0
5,15,0.0,104.0
5,15,1.2,0.0
5,15,4.1,24.0
5,15,0.0,0.0
5,15,0.0,4.0
5,15,0.0,112.0
5,15,1.2,0.0
5,15,6.8,44.0
5,15,0.0,40.0
5,15,0.0,4.0
5,15,3.6,116.0
5,15,1.2,24.0
5,15,0.0,0.0
5,15,0.0,28.0
5,15,0.0,0.0
5,15,0.0,160.0
5,15,3.1,12.0
5,15,5.7,76.0
5,15,0.0,28.0
5,15,3.6,200.0
5,15,4.8,0.0
5,15,5.6,24.0
5,15,0.0,0.0
5,15,1.4,8.0
5,15,0.0,100.0
5,15,2.3,24.0
5,15,3.2,0.0
5,15,1.2,32.0
5,15,0.0,0.0
5,15,0.0,92.0
5,15,0.0,0.0
5,15,1.2,40.0
5,15,7.1,0.0
5,15,0.0,4.0
5,15,2.7,128.0
5,15,0.0,120.0
5,15,3.6,76.0
5,15,0.0,52.0
5,15,0.0,32.0
5,15,0.0,108.0
5,15,0.0,172.0
5,15,2.8,48.0
5,15,6.8,1268.0
5,15,0.0,16.0
5,15,5.3,0.0
5,15,6.0,36.0
5,15,5.9,112.0
5,15,0.0,56.0
5,15,2.7,236.0
5,15,0.0,0.0
5,15,0.0,8.0
5,15,2.5,0.0
5,15,1.3,212.0
5,15,0.0,100.0
5,15,2.7,0.0
5,15,0.0,12.0
5,15,3.6,0.0
5,15,0.0,52.0
5,15,1.2,84.0
5,15,8.2,0.0
5,15,1.2,0.0
5,15,2.7,100.0
5,15,0.0,120.0
5,15,0.0,12.0
5,15,2.6,0.0
5,15,1.4,36.0
5,15,1.4,0.0
5,15,1.4,144.0
5,15,0.0,4.0
5,15,6.6,152.0
5,15,0.0,0.0
5,15,1.2,144.0
5,15,1.2,120.0
5,15,0.0,20.0
5,15,1.4,0.0
5,15,0.0,28.0
5,15,7.6,112.0
5,15,5.2,148.0
5,15,0.0,0.0
5,15,0.0,28.0
5,15,1.4,0.0
5,15,2.7,8.0
5,15,2.3,0.0
5,15,0.0,4.0
5,15,1.3,0.0
5,15,0.0,100.0
5,15,2.4,12.0
5,15,0.0,20.0
5,15,5.4,4.0
5,15,2.6,16.0
5,15,1.2,128.0
5,15,1.4,0.0
5,15,1.2,60.0
5,15,0.0,140.0
5,15,37.8,248.0
5,15,4.0,720.0
5,15,6.1,92.0
5,15,0.0,36.0
5,15,3.9,168.0
5,15,12.8,500.0
5,15,0.0,28.0
5,15,6.0,436.0
5,15,0.0,824.0
5,15,9.2,0.0
5,15,2.4,52.0
5,15,0.0,4.0
5,15,4.7,8.0
5,15,0.0,0.0
5,15,0.0,8.0
5,15,0.0,0.0
5,15,0.0,68.0
5,15,2.6,0.0
5,15,0.0,4.0
5,15,6.6,0.0
5,15,1.4,8.0
5,15,0.0,120.0
5,15,4.1,44.0
5,15,0.0,136.0
5,15,5.9,8.0
5,15,0.0,168.0
5,15,3.9,4.0
5,15,2.8,36.0
5,15,8.1,8.0
5,15,4.7,60.0
5,15,0.0,4.0
5,15,0.0,172.0
5,15,9.1,4.0
5,15,1.4,24.0
5,15,0.0,4.0
5,15,3.6,40.0
5,15,2.5,0.0
5,15,2.9,92.0
5,15,0.0,0.0
5,15,1.2,148.0
5,15,0.0,4.0
5,15,0.0,4.0
5,15,2.3,0.0
5,15,2.4,4.0
5,15,5.4,128.0
5,15,0.0,112.0
5,15,4.1,12.0
5,15,2.3,80.0
5,15,2.7,0.0
5,15,0.0,300.0
5,15,5.3,56.0
5,15,0.0,12.0
5,15,2.5,24.0
5,15,0.0,24.0
5,15,2.5,28.0
5,15,1.4,428.0
5,15,0.0,52.0
5,15,3.1,4.0
5,15,0.0,0.0
5,15,0.0,100.0
5,15,1.4,48.0
5,15,4.8,0.0
5,15,4.6,28.0
5,15,5.1,16.0
5,15,0.0,4.0
5,15,2.4,0.0
5,15,0.0,12.0
5,15,3.2,0.0
5,15,0.0,116.0
5,15,0.0,0.0
5,15,2.7,8.0
5,15,4.9,0.0
5,15,9.3,8.0
5,15,3.7,0.0
5,15,0.0,40.0
5,15,0.0,0.0
5,15,0.0,8.0
5,15,2.7,268.0
5,15,0.0,4.0
5,15,2.7,16.0
5,15,0.0,4.0
5,15,0.0,36.0
5,15,2.7,104.0
5,15,0.0,56.0
5,15,1.4,60.0
5,15,4.1,16.0
5,15,0.0,672.0
5,15,7.8,160.0
5,15,1.4,0.0
5,15,4.9,0.0
5,15,0.0,12.0
5,15,0.0,8.0
5,15,2.6,0.0
5,15,5.4,52.0
5,15,0.0,0.0
5,15,5.0,0.0
5,15,0.0,136.0
5,15,2.7,0.0
5,15,6.6,224.0
5,15,4.1,0.0
5,15,2.7,8.0
5,15,0.0,96.0
5,15,2.8,88.0
5,15,1.3,4.0
5,15,0.0,28.0
5,15,0.0,0.0
5,15,4.7,104.0
5,15,4.2,28.0
5,15,0.0,8.0
5,15,0.0,4.0
5,15,0.0,64.0
5,15,0.0,0.0
5,15,8.4,88.0
5,15,1.3,0.0
5,15,0.0,396.0
5,15,1.2,8.0
5,15,5.4,0.0
5,15,2.8,100.0
5,15,2.5,0.0
5,15,0.0,172.0
5,15,6.8,224.0
5,15,0.0,0.0
5,15,4.7,172.0
5,15,4.7,0.0
5,15,2.7,112.0
5,15,2.4,8.0
5,15,4.1,0.0
5,15,2.5,104.0
5,15,0.0,0.0
5,15,1.4,16.0
5,15,0.0,120.0
5,15,5.3,24.0
5,15,2.7,52.0
5,15,6.8,116.0
5,15,2.4,0.0
5,15,2.5,28.0
5,15,2.4,0.0
5,15,3.6,32.0
5,15,1.4,12.0
5,15,3.7,40.0
5,15,1.2,0.0
5,15,2.4,0.0
5,15,6.9,8.0
5,15,2.8,12.0
5,15,16.0,0.0
5,15,4.0,0.0
5,15,6.7,0.0
5,15,21.0,148.0
5,15,3.4,0.0
5,15,2.7,0.0
5,15,0.0,0.0
5,15,2.2,0.0
5,15,1.6,152.0
5,15,1.4,8.0
5,15,0.0,36.0
5,15,4.1,20.0
5,15,0.0,32.0
5,15,4.5,156.0
5,15,0.0,20.0
5,15,0.0,4.0
5,15,2.7,40.0
5,15,0.0,12.0
5,15,11.1,72.0
5,15,0.0,4.0
5,15,0.0,36.0
5,15,0.0,4.0
5,15,0.0,64.0
5,15,4.8,32.0
5,15,1.2,36.0
5,15,2.7,0.0
5,15,0.0,12.0
5,15,0.0,104.0
5,15,3.9,0.0
5,15,0.0,0.0
5,15,0.0,20.0
5,15,5.2,0.0
5,15,4.7,96.0
5,15,7.8,52.0
5,15,4.7,0.0
5,15,0.0,0.0
5,15,0.0,140.0
5,15,0.0,140.0
5,15,2.4,0.0
5,15,1.2,24.0
5,15,0.0,0.0
5,15,3.7,48.0
5,15,0.0,8.0
5,15,4.8,32.0
5,15,0.0,0.0
5,15,0.0,260.0
5,15,0.0,0.0
5,15,1.2,8.0
5,15,1.4,0.0
5,15,0.0,8.0
5,15,16.7,120.0
5,15,5.0,8.0
5,15,0.0,0.0
5,15,2.4,112.0
5,15,1.3,0.0
5,15,0.0,116.0
5,15,1.4,0.0
5,15,2.7,112.0
5,15,2.5,80.0
5,15,0.0,132.0
5,15,0.0,8.0
5,15,0.0,32.0
5,15,0.0,44.0
5,15,2.7,76.0
5,15,0.0,36.0
5,15,0.0,0.0
5,15,3.7,32.0
5,15,1.4,4.0
5,15,2.9,152.0
5,15,0.0,0.0
5,15,2.6,96.0
5,15,0.0,80.0
5,15,0.0,64.0
5,15,2.8,84.0
5,15,2.7,8.0
5,15,0.0,0.0
5,15,0.0,84.0
5,15,4.2,0.0
5,15,2.7,4.0
5,15,0.0,12.0
5,15,0.0,0.0
5,15,0.0,0.0
5,15,0.0,0.0
5,15,3.6,12.0
5,15,6.7,8.0
5,15,5.3,0.0
5,15,0.0,0.0
5,15,0.0,28.0
5,15,1.3,32.0
5,15,0.0,4.0
5,15,0.0,0.0
5,15,0.0,40.0
5,15,1.2,168.0
5,15,7.1,108.0
5,15,0.0,40.0
5,15,0.0,0.0
5,15,1.2,0.0
5,15,6.2,48.0
5,15,6.8,0.0
5,15,0.0,36.0
5,15,0.0,0.0
5,15,2.4,132.0
5,15,0.0,0.0
5,15,1.2,8.0
5,15,0.0,128.0
5,15,0.0,0.0
5,15,0.0,108.0
5,15,8.1,28.0
5,15,2.7,0.0
5,15,0.0,0.0
5,15,2.4,8.0
5,15,6.1,40.0
5,16,3.7,12.0
5,16,4.1,0.0
5,16,0.0,124.0
5,16,0.0,28.0
5,16,0.0,52.0
5,16,0.0,0.0
5,16,4.8,24.0
5,16,0.0,0.0
5,16,0.0,52.0
5,16,0.0,0.0
5,16,2.4,152.0
5,16,2.7,0.0
5,16,0.0,60.0
5,16,2.5,96.0
5,16,0.0,40.0
5,16,1.3,0.0
5,16,6.7,60.0
5,16,3.8,4.0
5,16,0.0,188.0
5,16,0.0,0.0
5,16,1.2,112.0
5,16,7.1,0.0
5,16,0.0,12.0
5,16,0.0,0.0
5,16,33.8,0.0
5,16,1.4,48.0
5,16,2.7,140.0
5,16,0.0,0.0
5,16,0.0,0.0
5,16,0.0,76.0
5,16,0.0,184.0
5,16,2.7,24.0
5,16,0.0,0.0
5,16,0.0,52.0
5,16,0.0,32.0
5,16,4.6,8.0
5,16,2.8,148.0
5,16,0.0,28.0
5,16,0.0,0.0
5,16,2.7,60.0
5,16,0.0,268.0
5,16,10.3,464.0
5,16,1.2,12.0
5,16,0.0,20.0
5,16,0.0,0.0
5,16,7.9,152.0
5,16,2.7,0.0
5,16,0.0,0.0
5,16,0.0,0.0
5,16,0.0,0.0
5,16,4.1,96.0
5,16,2.9,32.0
5,16,6.7,0.0
5,16,0.0,20.0
5,16,0.0,12.0
5,16,0.0,76.0
5,16,4.1,8.0
5,16,1.2,0.0
5,16,0.0,176.0
5,16,4.0,12.0
5,16,2.4,144.0
5,16,1.6,96.0
5,16,0.0,24.0
5,16,2.4,0.0
5,16,7.7,168.0
5,16,0.0,20.0
5,16,6.7,20.0
5,16,3.6,0.0
5,16,0.0,40.0
5,16,1.3,216.0
5,16,0.0,1000.0
5,16,2.5,0.0
5,16,1.4,36.0
5,16,0.0,116.0
5,16,0.0,56.0
5,16,0.0,0.0
5,16,4.7,4.0
5,16,3.7,0.0
5,16,0.0,56.0
5,16,5.3,208.0
5,16,0.0,8.0
5,16,2.4,16.0
5,16,15.9,12.0
5,16,0.0,36.0
5,16,0.0,0.0
5,16,0.0,20.0
5,16,4.8,4.0
5,16,8.1,20.0
5,16,0.0,120.0
5,16,0.0,40.0
5,16,0.0,0.0
5,16,4.8,12.0
5,16,0.0,4.0
5,16,9.1,24.0
5,16,0.0,0.0
5,16,0.0,0.0
5,16,2.7,0.0
5,16,0.0,124.0
5,16,4.5,0.0
5,16,2.6,0.0
5,16,1.2,772.0
5,16,2.8,8.0
5,16,17.4,0.0
5,16,0.0,0.0
5,16,0.0,0.0
5,16,1.4,0.0
5,16,10.9,12.0
5,16,2.7,612.0
5,16,1.3,20.0
5,16,0.0,0.0
5,16,1.2,216.0
5,16,2.6,12.0
5,16,0.0,20.0
5,16,2.7,0.0
5,16,0.0,16.0
5,16,0.0,112.0
5,16,4.7,56.0
5,16,0.0,0.0
5,16,0.0,196.0
5,16,0.0,12.0
5,16,0.0,116.0
5,16,4.1,0.0
5,16,0.0,0.0
5,16,0.0,0.0
5,16,2.4,64.0
5,16,2.8,0.0
5,16,4.1,4.0
5,16,0.0,0.0
5,16,0.0,0.0
5,16,2.7,104.0
5,16,2.7,0.0
5,16,4.1,12.0
5,16,0.0,32.0
5,16,0.0,0.0
5,16,2.7,4.0
5,16,1.4,36.0
5,16,3.7,84.0
5,16,0.0,12.0
5,16,0.0,0.0
5,16,0.0,44.0
5,16,3.9,0.0
5,16,5.9,100.0
5,16,7.1,0.0
5,16,0.0,48.0
5,16,0.0,0.0
5,16,0.0,28.0
5,16,2.4,80.0
5,16,0.0,28.0
5,16,0.0,144.0
5,16,3.7,4.0
5,16,0.0,0.0
5,16,1.2,1444.0
5,16,0.0,0.0
5,16,0.0,124.0
5,16,0.0,0.0
5,16,0.0,0.0
5,16,2.5,24.0
5,16,5.3,156.0
5,16,0.0,0.0
5,16,0.0,16.0
5,16,0.0,32.0
5,16,2.3,84.0
5,16,0.0,356.0
5,16,0.0,52.0
5,16,0.0,180.0
5,16,0.0,12.0
5,16,4.3,36.0
5,16,0.0,0.0
5,16,5.3,16.0
5,16,0.0,0.0
5,16,0.0,200.0
5,16,5.3,12.0
5,16,0.0,20.0
5,16,0.0,0.0
5,16,0.0,0.0
5,16,2.7,0.0
5,16,3.7,244.0
5,16,0.0,0.0
5,16,0.0,104.0
5,16,0.0,0.0
5,16,3.2,108.0
5,16,4.7,0.0
5,16,0.0,32.0
5,16,2.4,24.0
5,16,8.5,0.0
5,16,9.3,20.0
5,16,1.2,176.0
5,16,0.0,32.0
5,16,4.1,0.0
5,16,1.3,124.0
5,16,3.2,188.0
5,16,9.5,24.0
5,16,1.2,4.0
5,16,0.0,24.0
5,16,1.4,4.0
5,16,0.0,20.0
5,16,11.8,0.0
5,16,0.0,36.0
5,16,3.8,0.0
5,16,0.0,152.0
5,16,0.0,0.0
5,16,3.9,0.0
5,16,2.4,0.0
5,16,0.0,0.0
5,16,1.2,188.0
5,16,0.0,8.0
5,16,2.4,0.0
5,16,17.8,2140.0
5,16,0.0,112.0
5,16,0.0,52.0
5,16,0.0,8.0
5,16,2.4,4.0
5,16,0.0,8.0
5,16,0.0,0.0
5,16,2.4,164.0
5,16,4.1,60.0
5,16,2.7,40.0
5,16,0.0,56.0
5,16,0.0,156.0
5,16,0.0,56.0
5,16,2.7,24.0
5,16,4.7,12.0
5,16,1.3,60.0
5,16,0.0,16.0
5,16,0.0,12.0
5,16,0.0,0.0
5,16,2.5,8.0
5,16,0.0,8.0
5,16,0.0,0.0
5,16,0.0,56.0
5,16,3.9,0.0
5,16,1.0,0.0
5,16,0.0,152.0
5,16,0.0,4.0
5,16,1.4,0.0
5,16,6.4,128.0
5,16,1.3,40.0
5,16,0.0,8.0
5,16,0.0,36.0
5,16,2.9,112.0
5,16,0.0,36.0
5,16,8.5,24.0
5,16,0.0,36.0
5,16,4.0,56.0
5,16,0.0,0.0
5,16,2.4,60.0
5,16,5.5,120.0
5,16,0.0,108.0
5,16,9.2,0.0
5,16,5.5,16.0
5,16,0.0,4.0
5,16,1.2,8.0
5,16,0.0,0.0
5,16,2.5,0.0
5,16,0.0,0.0
5,16,7.3,208.0
5,16,2.4,0.0
5,16,0.0,4.0
5,16,0.0,0.0
5,16,0.0,0.0
5,16,0.0,136.0
5,16,3.2,12.0
5,16,0.0,140.0
5,16,1.4,104.0
5,16,3.1,4.0
5,16,0.0,168.0
5,16,2.5,4.0
5,16,3.5,36.0
5,16,6.8,36.0
5,16,2.7,108.0
5,16,2.5,16.0
5,16,2.5,296.0
5,16,0.0,16.0
5,16,0.0,0.0
5,16,1.2,120.0
5,16,0.0,0.0
5,16,1.2,32.0
5,16,0.0,12.0
5,16,2.7,4.0
5,16,0.0,0.0
5,16,2.8,108.0
5,16,3.7,0.0
5,16,0.0,4.0
5,16,4.9,1148.0
5,16,0.0,180.0
5,16,0.0,0.0
5,16,2.7,8.0
5,16,0.0,640.0
5,16,0.0,8.0
5,16,0.0,104.0
5,16,0.0,4.0
5,16,3.2,36.0
5,16,0.0,24.0
5,16,0.0,224.0
5,16,1.2,44.0
5,16,0.0,252.0
5,16,2.6,4.0
5,16,0.0,120.0
5,16,0.0,8.0
5,16,4.0,32.0
5,16,10.3,0.0
5,16,1.4,36.0
5,16,1.3,0.0
5,16,0.0,168.0
5,16,0.0,32.0
5,16,2.7,4.0
5,16,3.8,4.0
5,16,1.4,4.0
5,16,2.3,204.0
5,16,0.0,12.0
5,16,1.3,84.0
5,16,3.7,156.0
5,16,0.0,4.0
5,16,0.0,4.0
5,16,0.0,0.0
5,16,1.4,4.0
5,16,10.4,48.0
5,16,1.4,100.0
5,16,0.0,80.0
5,16,4.1,176.0
5,16,7.9,8.0
5,16,3.2,20.0
5,16,0.0,56.0
5,16,0.0,4.0
5,16,0.0,140.0
5,16,8.2,0.0
5,16,1.4,56.0
5,16,5.1,0.0
5,16,0.0,156.0
5,16,5.1,0.0
5,16,1.2,4.0
5,16,2.7,36.0
5,16,8.4,4.0
5,16,10.7,0.0
5,16,35.5,12.0
5,16,3.9,440.0
5,16,1.3,316.0
5,16,0.0,0.0
5,16,0.0,80.0
5,16,0.0,440.0
5,16,0.0,28.0
5,16,7.8,32.0
5,16,3.8,4.0
5,16,0.0,176.0
5,16,1.2,40.0
5,16,0.0,32.0
5,16,2.5,8.0
5,16,0.0,4.0
5,16,4.1,56.0
5,16,1.3,36.0
5,16,0.0,108.0
5,16,3.7,32.0
5,16,10.1,12.0
5,16,0.0,60.0
5,16,0.0,0.0
5,16,0.0,80.0
5,16,2.8,0.0
5,16,0.0,4.0
5,16,5.7,100.0
5,16,0.0,80.0
5,16,9.0,0.0
5,16,5.0,0.0
5,16,0.0,0.0
5,16,2.5,0.0
5,16,0.0,256.0
5,16,0.0,0.0
5,16,2.5,56.0
5,16,0.0,0.0
5,16,0.0,16.0
5,16,0.0,76.0
5,16,12.7,32.0
5,16,5.6,0.0
5,16,1.4,208.0
5,16,3.9,8.0
5,16,4.1,56.0
5,16,3.7,8.0
5,16,16.0,68.0
5,16,61.3,1581.0
5,16,2.7,380.0
5,16,3.3,308.0
5,19,100.0,8595.5
5,19,88.9,18386.0
5,19,5.3,439.0
5,19,4.1,204.0
5,19,2.6,184.0
5,19,100.0,16606.0
5,19,25.0,8532.0
5,19,2.7,144.0
5,19,0.0,24.0
5,19,1.2,140.0
5,19,11.1,180.0
5,19,0.0,84.0
5,19,3.5,0.0
5,19,2.7,52.0
5,19,4.0,0.0
5,19,2.0,144.0
5,19,3.8,4.0
5,19,0.0,52.0
5,19,0.0,24.0
5,19,2.7,0.0
5,19,2.7,2884.0
5,19,4.8,100.0
5,19,0.0,412.0
5,19,1.4,24.0
5,19,0.0,36.0
5,19,2.5,0.0
5,19,1.5,4.0
5,19,6.5,24.0
5,19,1.2,216.0
5,19,12.0,0.0
5,19,4.2,140.0
5,19,1.3,0.0
5,19,2.6,92.0
5,19,3.9,112.0
5,19,0.0,32.0
5,19,4.1,0.0
5,19,0.0,192.0
5,19,1.4,0.0
5,19,4.2,116.0
5,19,0.0,0.0
5,19,4.0,0.0
5,19,0.0,48.0
5,19,1.2,4.0
5,19,0.0,20.0
5,19,0.0,136.0
5,19,6.0,688.0
5,19,0.0,40.0
5,19,2.5,84.0
5,19,0.0,408.0
5,19,4.1,36.0
5,19,6.1,4.0
5,19,0.0,36.0
5,19,2.4,16.0
5,19,0.0,132.0
5,19,1.4,0.0
5,19,3.6,40.0
5,19,2.7,128.0
5,19,0.0,72.0
5,19,1.6,120.0
5,19,1.9,16.0
5,19,3.6,80.0
5,19,4.1,0.0
5,19,9.1,0.0
5,19,0.0,112.0
5,19,0.0,4.0
5,19,2.4,0.0
5,19,2.4,0.0
5,19,0.0,128.0
5,19,2.5,48.0
5,19,9.1,168.0
5,19,6.7,48.0
5,19,2.7,4.0
5,19,0.0,64.0
5,19,5.4,104.0
5,19,0.0,124.0
5,19,3.9,0.0
5,19,0.0,40.0
5,19,0.0,0.0
5,19,2.7,112.0
5,19,6.8,0.0
5,19,14.3,24.0
5,19,5.4,0.0
5,19,2.8,124.0
5,19,6.0,0.0
5,19,0.0,8.0
5,19,8.2,0.0
5,19,2.7,4.0
5,19,1.2,12.0
5,19,1.4,0.0
5,19,0.0,0.0
5,19,3.8,12.0
5,19,0.0,12.0
5,19,1.4,0.0
5,19,0.0,8.0
5,19,3.8,16.0
5,19,1.2,12.0
5,19,0.0,28.0
5,19,1.4,120.0
5,19,19.2,76.0
5,19,1.3,276.0
5,19,12.7,0.0
5,19,1.4,164.0
5,19,7.8,0.0
5,19,0.0,56.0
5,19,2.7,0.0
5,19,2.8,36.0
5,19,1.3,136.0
5,19,0.0,224.0
5,19,5.4,12.0
5,19,0.0,216.0
5,19,1.4,176.0
5,19,9.8,124.0
5,19,0.0,0.0
5,19,1.4,0.0
5,19,5.3,0.0
5,19,2.7,84.0
5,19,0.0,48.0
5,19,2.4,0.0
5,19,3.9,28.0
5,19,0.0,8.0
5,19,5.3,132.0
5,19,1.2,48.0
5,19,2.4,136.0
5,19,2.4,240.0
5,19,0.0,36.0
5,19,3.7,112.0
5,19,0.0,44.0
5,19,2.4,24.0
5,19,0.0,16.0
5,19,0.0,0.0
5,19,2.7,16.0
5,19,0.0,0.0
5,19,6.5,40.0
5,19,5.4,0.0
5,19,1.5,108.0
5,19,3.8,112.0
5,19,0.0,4.0
5,19,5.4,84.0
5,19,0.0,96.0
5,19,4.1,36.0
5,19,3.7,0.0
5,19,1.3,36.0
5,19,0.0,116.0
5,19,0.0,4.0
5,19,3.6,0.0
5,19,0.0,868.0
5,19,5.3,40.0
5,19,6.5,144.0
5,19,1.2,56.0
5,19,3.2,20.0
5,19,0.0,396.0
5,19,1.4,16.0
5,19,0.0,52.0
5,19,6.0,40.0
5,19,2.6,64.0
5,19,1.3,44.0
5,19,0.0,4.0
5,19,0.0,8.0
5,19,4.9,172.0
5,19,4.1,0.0
5,19,2.7,36.0
5,19,0.0,0.0
5,19,3.9,40.0
5,19,0.0,24.0
5,19,2.8,4.0
5,19,4.1,12.0
5,19,4.1,196.0
5,19,4.1,0.0
5,19,0.0,0.0
5,19,6.5,0.0
5,19,0.0,12.0
5,19,6.9,200.0
5,19,2.7,0.0
5,19,2.7,4.0
5,19,4.9,80.0
5,19,0.0,36.0
5,19,0.0,24.0
5,19,4.9,12.0
5,19,0.0,28.0
5,19,4.2,12.0
5,19,1.2,168.0
5,19,7.1,32.0
5,19,0.0,4.0
5,19,2.4,72.0
5,19,4.8,0.0
5,19,0.0,4.0
5,19,1.4,8.0
5,19,0.0,0.0
5,19,5.1,0.0
5,19,2.7,0.0
5,19,0.0,4.0
5,19,4.8,8.0
5,19,0.0,0.0
5,19,1.4,0.0
5,19,6.9,12.0
5,19,1.3,108.0
5,19,1.2,28.0
5,19,6.7,28.0
5,19,2.8,12.0
5,19,4.2,12.0
5,19,3.6,116.0
5,19,0.0,0.0
5,19,2.4,28.0
5,19,1.4,0.0
5,19,2.5,8.0
5,19,1.4,108.0
5,19,0.0,12.0
5,19,2.4,0.0
5,19,0.0,24.0
5,19,3.7,92.0
5,19,2.7,32.0
5,19,4.0,0.0
5,19,1.2,0.0
5,19,0.0,0.0
5,19,4.1,116.0
5,19,7.3,0.0
5,19,2.5,20.0
5,19,2.7,0.0
5,19,6.5,0.0
5,19,3.6,144.0
5,19,4.9,156.0
5,19,1.2,12.0
5,19,1.2,0.0
5,19,0.0,8.0
5,19,2.5,40.0
5,19,0.0,92.0
5,19,2.7,0.0
5,19,2.7,16.0
5,19,5.4,92.0
5,19,2.7,68.0
5,19,2.4,12.0
5,19,6.0,36.0
5,19,2.7,16.0
5,19,2.4,348.0
5,19,1.2,24.0
5,19,1.1,16.0
5,19,0.0,0.0
5,19,0.0,12.0
5,19,4.0,4.0
5,19,6.5,0.0
5,19,2.7,0.0
5,19,0.0,192.0
5,19,0.0,4.0
5,19,1.2,0.0
5,19,10.8,24.0
5,19,10.4,36.0
5,19,0.0,56.0
5,19,1.2,248.0
5,19,0.0,52.0
5,19,2.5,180.0
5,19,1.3,24.0
5,19,0.0,108.0
5,19,1.6,36.0
5,19,1.4,0.0
5,19,8.2,24.0
5,19,1.2,280.0
5,19,0.0,188.0
5,19,6.7,0.0
5,19,0.0,52.0
5,19,11.7,0.0
5,19,1.2,44.0
5,19,2.8,420.0
5,19,0.0,4.0
5,19,0.0,0.0
5,19,5.6,12.0
5,19,20.3,304.0
5,19,1.2,136.0
5,19,5.6,12.0
5,19,1.4,0.0
5,19,2.4,80.0
5,19,1.3,112.0
5,19,5.2,16.0
5,19,0.0,0.0
5,19,8.0,44.0
5,19,2.5,4.0
5,19,4.1,176.0
5,19,2.4,0.0
5,19,1.2,28.0
5,19,4.0,0.0
5,19,2.7,132.0
5,19,6.8,0.0
5,19,0.0,28.0
5,19,2.3,0.0
5,19,0.0,36.0
5,19,5.0,116.0
5,19,1.4,48.0
5,19,3.6,0.0
5,19,1.4,48.0
5,19,4.8,144.0
5,19,5.3,32.0
5,19,0.0,124.0
5,19,4.0,4.0
5,19,2.6,0.0
5,19,0.0,32.0
5,19,4.1,1280.0
5,19,12.5,48.0
5,19,2.7,4.0
5,19,0.0,4.0
5,19,0.0,8.0
5,19,4.6,160.0
5,19,0.0,28.0
5,19,4.7,120.0
5,19,1.2,28.0
5,19,1.4,4.0
5,19,0.8,184.0
5,19,1.2,0.0
5,19,1.2,36.0
5,19,0.0,0.0
5,19,5.4,40.0
5,19,0.7,0.0
5,19,2.4,260.0
5,19,0.0,0.0
5,19,0.0,80.0
5,19,1.2,8.0
5,19,2.4,8.0
5,19,4.0,0.0
5,19,0.0,28.0
5,19,2.4,4.0
5,19,6.8,0.0
5,19,12.5,24.0
5,19,5.3,64.0
5,19,2.5,8.0
5,19,5.4,100.0
5,19,0.0,24.0
5,19,6.0,24.0
5,19,2.6,28.0
5,19,0.0,24.0
5,19,2.4,184.0
5,19,0.0,8.0
5,19,6.0,48.0
5,19,2.5,0.0
5,19,3.9,12.0
5,19,1.2,3302.5
5,19,2.4,44.0
5,19,2.5,0.0
5,19,2.8,32.0
5,19,1.4,0.0
5,19,0.0,4.0
5,19,19.0,0.0
5,19,4.1,4.0
5,19,0.0,4.0
5,19,1.4,8.0
5,19,0.0,0.0
5,19,1.6,4.0
5,19,1.2,200.0
5,19,0.0,20.0
5,19,2.4,188.0
5,19,0.0,28.0
5,19,6.8,64.0
5,19,2.8,4.0
5,19,1.2,28.0
5,19,0.0,108.0
5,19,0.0,172.0
5,19,2.7,0.0
5,19,1.6,12.0
5,19,1.3,92.0
5,19,1.2,28.0
5,19,0.0,0.0
5,19,0.0,52.0
5,19,5.4,0.0
5,19,5.5,456.0
5,19,0.0,128.0
5,19,1.1,0.0
5,19,1.4,0.0
5,19,1.2,32.0
5,19,0.0,0.0
5,19,0.0,108.5
5,19,2.4,0.0
5,19,4.8,500.0
5,19,2.7,56.0
5,19,4.9,8.0
5,19,4.2,28.0
5,19,3.7,0.0
5,19,1.3,12.0
5,19,5.6,104.0
5,19,4.8,16.0
5,19,4.0,144.0
5,19,1.3,16.0
5,19,1.4,116.0
5,19,2.4,28.0
5,19,0.0,0.0
5,19,7.3,28.0
5,19,3.7,0.0
5,19,6.7,12.0
5,19,7.7,0.0
5,19,4.0,28.0
5,19,7.2,12.0
5,19,6.6,72.0
5,19,2.4,12.0
5,19,1.3,4.0
5,19,1.3,0.0
5,19,0.0,4.0
5,19,1.4,20.0
5,19,1.3,124.0
5,19,2.7,48.0
5,19,2.4,56.0
5,19,1.3,36.0
5,19,7.8,96.0
5,19,0.0,20.0
5,19,4.7,4.0
5,19,0.0,32.0
5,19,0.0,68.0
5,19,9.4,124.0
5,19,2.4,108.0
5,19,11.7,12.0
5,19,0.0,20.0
5,19,4.9,132.0
5,19,2.7,0.0
5,19,2.5,24.0
5,19,3.5,0.0
5,19,0.0,24.0
5,19,1.4,100.0
5,19,5.4,32.0
5,19,1.2,12.0
5,19,2.5,84.0
5,19,0.0,0.0
5,19,1.2,96.0
5,19,2.8,0.0
5,19,1.3,0.0
5,19,2.5,160.0
5,19,2.4,28.0
5,19,2.6,36.0
5,19,0.0,0.0
5,19,1.2,40.0
5,19,6.8,4.0
5,19,2.7,132.0
5,19,0.0,16.0
5,19,4.0,108.0
5,19,5.4,4.0
5,19,3.8,24.0
5,19,9.5,116.0
5,19,0.0,36.0
5,19,4.1,0.0
5,19,1.2,64.0
5,19,1.2,0.0
5,19,1.2,240.0
5,19,2.5,0.0
5,19,0.0,16.0
5,19,0.0,0.0
5,19,2.4,180.0
5,19,2.4,116.0
5,19,3.1,432.0
5,19,2.4,8.0
5,19,4.0,8.0
5,19,2.7,24.0
5,19,0.0,132.0
5,19,2.5,20.0
5,19,1.4,8.0
5,19,0.0,24.0
5,19,3.9,200.0
5,19,0.0,28.0
5,19,2.6,28.0
5,19,0.0,4.0
5,19,1.4,4.0
5,19,1.3,172.0
5,19,1.2,0.0
5,19,6.5,32.0
5,19,6.2,0.0
5,19,3.7,16.0
5,19,5.1,164.0
5,19,3.9,28.0
5,19,2.7,0.0
5,19,0.0,0.0
5,19,3.7,0.0
5,19,2.4,32.0
5,19,3.9,0.0
5,19,0.0,36.0
5,19,0.0,0.0
5,19,0.0,228.0
5,19,3.7,20.0
5,19,1.2,8.0
5,19,0.0,16.0
5,19,2.7,8.0
5,19,0.0,48.0
5,19,1.4,112.0
5,19,0.0,48.0
5,19,0.0,36.0
5,19,8.3,28.0
5,19,6.8,112.0
5,19,7.2,40.0
5,19,0.0,0.0
5,19,0.0,28.0
5,19,4.0,0.0
5,19,0.0,136.0
5,19,2.4,0.0
5,19,0.0,20.0
5,19,1.4,12.0
5,19,1.2,92.0
5,19,2.7,0.0
5,19,5.3,24.0
5,19,2.9,0.0
5,19,1.3,0.0
5,19,2.4,80.0
5,19,3.9,16.0
5,19,2.7,24.0
5,19,2.7,24.0
5,19,7.4,28.0
5,19,0.0,116.0
5,19,9.6,56.0
5,19,2.7,0.0
5,19,2.6,84.0
5,19,0.0,0.0
5,19,0.0,112.0
5,19,1.4,12.0
5,19,1.4,84.0
5,19,3.6,0.0
5,19,2.8,164.0
5,19,0.0,0.0
5,19,3.7,204.0
5,19,2.8,0.0
5,19,1.3,28.0
5,19,0.0,80.0
5,19,1.2,0.0
5,19,1.2,0.0
5,19,1.4,0.0
5,19,1.2,0.0
5,19,0.0,192.0
5,19,6.8,0.0
5,19,0.0,12.0
5,19,4.0,32.0
5,19,2.5,48.0
5,19,0.0,16.0
5,19,2.4,12.0
5,19,0.0,24.0
5,19,2.5,156.0
5,19,2.5,36.0
5,19,0.0,0.0
5,19,2.5,28.0
5,19,0.0,4.0
5,19,3.7,136.0
5,19,1.4,0.0
5,19,2.7,40.0
5,19,0.0,0.0
5,19,0.0,36.0
5,19,2.7,108.0
5,19,0.0,0.0
5,19,1.4,0.0
5,19,0.0,12.0
5,19,13.7,2904.0
5,19,3.9,36.0
5,19,9.3,0.0
5,19,1.2,8.0
5,19,0.0,24.0
5,19,1.4,180.0
5,19,2.7,32.0
5,19,1.3,44.0
5,19,0.0,36.0
5,19,0.0,8.0
5,20,3.7,192.0
5,20,2.0,16.0
5,20,3.8,24.0
5,20,8.9,32.0
5,20,1.3,8.0
5,20,0.0,120.0
5,20,1.2,68.0
5,20,5.4,60.0
5,20,2.7,12.0
5,20,1.4,0.0
5,20,0.0,12.0
5,20,4.5,132.0
5,20,1.2,28.0
5,20,0.0,0.0
5,20,7.9,260.0
5,20,0.0,0.0
5,20,4.1,4.0
5,20,0.0,0.0
5,20,5.5,32.0
5,20,1.4,272.0
5,20,0.0,4.0
5,20,7.7,32.0
5,20,0.0,12.0
5,20,1.3,48.0
5,20,0.0,120.0
5,20,2.4,12.0
5,20,6.1,32.0
5,20,0.0,236.0
5,20,2.7,12.0
5,20,0.0,16.0
5,20,6.0,20.0
5,20,3.7,48.0
5,20,1.3,0.0
5,20,2.7,120.0
5,20,10.3,0.0
5,20,2.2,164.0
5,20,4.9,0.0
5,20,4.1,4.0
5,20,0.0,104.0
5,20,7.9,4.0
5,20,6.1,0.0
5,20,6.8,92.0
5,20,1.4,1080.0
5,20,15.3,212.0
5,20,1.3,284.0
5,20,1.3,260.0
5,20,1.4,100.0
5,20,1.2,4.0
5,20,1.4,360.0
5,20,2.4,128.0
5,20,0.0,32.0
5,20,2.8,4.0
5,20,0.0,12.0
5,20,0.0,4.0
5,20,1.3,28.0
5,20,0.0,0.0
5,20,1.3,40.0
5,20,3.5,0.0
5,20,12.7,72.0
5,20,1.2,0.0
5,20,0.0,1340.0
5,20,5.4,12.0
5,20,0.0,116.0
5,20,1.4,0.0
5,20,0.0,0.0
5,20,1.4,0.0
5,20,4.9,0.0
5,20,2.6,4.0
5,20,2.7,280.0
5,20,1.2,28.0
5,20,3.8,16.0
5,20,8.3,128.0
5,20,1.3,28.0
5,20,2.7,88.0
5,20,0.0,28.0
5,20,1.3,36.0
5,20,1.2,112.0
5,20,2.4,24.0
5,20,4.7,8.0
5,20,0.0,48.0
5,20,1.4,0.0
5,20,2.2,92.0
5,20,5.4,0.0
5,20,0.0,52.0
5,20,2.8,0.0
5,20,0.0,40.0
5,20,1.3,1940.0
5,20,2.6,56.0
5,20,0.0,0.0
5,20,1.4,0.0
5,20,1.4,12.0
5,20,2.7,136.0
5,20,1.2,0.0
5,20,0.0,0.0
5,20,2.4,20.0
5,20,2.7,112.0
5,20,5.5,100.0
5,20,0.0,0.0
5,20,2.4,36.0
5,20,0.0,0.0
5,20,0.0,212.0
5,20,13.2,0.0
5,20,0.0,28.0
5,20,1.3,0.0
5,20,0.0,12.0
5,20,0.0,96.0
5,20,2.8,20.0
5,20,5.3,12.0
5,20,1.2,148.0
5,20,0.0,0.0
5,20,1.2,112.0
5,20,1.2,0.0
5,20,0.0,32.0
5,20,0.0,0.0
5,20,0.0,88.0
5,20,4.8,320.0
5,20,50.7,1264.0
5,20,9.5,0.0
5,20,1.4,92.0
5,20,5.3,156.0
5,20,3.8,0.0
5,20,2.7,32.0
5,20,1.2,0.0
5,20,0.0,8.0
5,20,2.7,236.0
5,20,1.3,12.0
5,20,7.6,0.0
5,20,5.5,40.0
5,20,1.2,20.0
5,20,1.2,52.0
5,20,0.0,0.0
5,20,4.8,80.0
5,20,0.0,0.0
5,20,3.5,20.0
5,20,4.9,0.0
5,20,7.9,0.0
5,20,4.1,0.0
5,20,0.0,116.0
5,20,1.3,0.0
5,20,0.0,144.0
5,20,0.0,24.0
5,20,2.4,8.0
5,20,7.2,112.0
5,20,1.2,8.0
5,20,1.4,32.0
5,20,1.2,272.0
5,20,2.6,32.0
5,20,4.0,0.0
5,20,1.2,28.0
5,20,4.1,16.0
5,20,1.4,32.0
5,20,2.7,144.0
5,20,3.7,12.0
5,20,0.0,8.0
5,20,0.0,52.0
5,20,1.3,0.0
5,20,2.7,144.0
5,20,1.4,0.0
5,20,0.0,32.0
5,20,1.3,0.0
5,20,4.1,20.0
5,20,1.4,0.0
5,20,1.2,8.0
5,20,0.0,0.0
5,20,2.4,8.0
5,20,0.0,92.0
5,20,1.2,56.0
5,20,4.1,0.0
5,20,2.7,56.0
5,20,0.0,20.0
5,20,0.0,80.0
5,20,6.2,12.0
5,20,2.7,40.0
5,20,2.6,40.0
5,20,0.0,12.0
5,20,6.8,180.0
5,20,1.4,8.0
5,20,0.0,60.0
5,20,3.8,28.0
5,20,0.0,44.0
5,20,2.7,4.0
5,20,4.8,12.0
5,20,5.5,0.0
5,20,8.4,160.0
5,20,0.0,4.0
5,20,4.9,96.0
5,20,1.4,0.0
5,20,0.0,4.0
5,20,2.8,0.0
5,20,0.0,132.0
5,20,1.2,0.0
5,20,2.4,352.0
5,20,2.5,0.0
5,20,4.0,8.0
5,20,0.0,384.0
5,20,1.6,28.0
5,20,6.0,60.0
5,20,1.2,8.0
5,20,0.0,304.0
5,20,4.0,100.0
5,20,0.0,8.0
5,20,1.3,16.0
5,20,5.8,48.0
5,20,0.0,68.0
5,20,1.3,176.0
5,20,1.4,0.0
5,20,7.2,48.0
5,20,2.4,0.0
5,20,2.6,32.0
5,20,2.4,0.0
5,20,0.0,36.0
5,20,2.8,0.0
5,20,0.0,120.0
5,20,1.2,0.0
5,20,2.4,0.0
5,20,1.2,0.0
5,20,5.3,8.0
5,20,1.2,132.0
5,20,1.4,8.0
5,20,0.0,16.0
5,20,2.9,264.0
5,20,6.9,100.0
5,20,0.0,28.0
5,20,0.0,16.0
5,20,6.8,0.0
5,20,5.5,84.0
5,20,2.9,92.0
5,20,1.4,24.0
5,20,3.9,8.0
5,20,0.0,32.0
5,20,0.0,4.0
5,20,1.2,156.0
5,20,5.3,0.0
5,20,0.0,40.0
5,20,4.1,80.0
5,20,0.0,4.0
5,20,1.4,4.0
5,20,1.6,60.0
5,20,1.4,0.0
5,20,2.8,88.0
5,20,3.8,108.0
5,20,2.7,20.0
5,20,0.0,0.0
5,20,2.4,20.0
5,20,1.4,16.0
5,20,0.0,136.0
5,20,2.9,28.0
5,20,0.0,8.0
5,20,1.2,24.0
5,20,0.0,112.0
5,20,2.3,124.0
5,20,2.5,0.0
5,20,0.0,4.0
5,20,6.1,12.0
5,20,0.0,52.0
5,20,1.2,0.0
5,20,5.2,44.0
5,20,5.3,0.0
5,20,1.2,248.0
5,20,2.4,0.0
5,20,1.4,24.0
5,20,2.4,1122.5
5,20,1.3,12.0
5,20,0.0,16.0
5,20,1.4,104.0
5,20,1.4,0.0
5,20,2.7,268.0
5,20,1.4,0.0
5,20,4.8,120.0
5,20,0.0,36.0
5,20,0.0,4.0
5,20,5.1,28.0
5,20,1.2,24.0
5,20,1.1,28.0
5,20,2.6,768.0
5,20,0.0,36.0
5,20,1.6,32.0
5,20,0.0,144.0
5,20,0.0,20.0
5,20,1.2,32.0
5,20,1.4,0.0
5,20,4.8,88.0
5,20,1.4,0.0
5,20,8.9,24.0
5,20,4.1,0.0
5,20,0.0,8.0
5,20,3.8,80.0
5,20,0.0,12.0
5,20,3.2,112.0
5,20,0.0,16.0
5,20,0.0,0.0
5,20,4.2,0.0
5,20,9.6,96.0
5,20,2.4,0.0
5,20,1.4,12.0
5,20,0.0,0.0
5,20,2.5,12.0
5,20,0.0,4.0
5,20,2.5,20.0
5,20,4.8,0.0
5,20,3.6,56.0
5,20,2.8,120.0
5,20,0.0,28.0
5,20,0.0,40.0
5,20,0.0,88.0
5,20,1.4,0.0
5,20,6.5,48.0
5,20,1.4,0.0
5,20,0.0,56.0
5,20,0.0,12.0
5,20,0.0,4.0
5,20,1.2,92.0
5,20,1.4,344.0
5,20,3.5,0.0
5,20,1.4,4.0
5,20,0.0,112.0
5,20,3.7,16.0
5,20,2.4,112.0
5,20,0.0,16.0
5,20,1.2,20.0
5,20,0.0,108.0
5,20,2.7,204.0
5,20,0.0,4.0
5,20,1.2,8.0
5,20,2.7,204.0
5,20,1.3,136.0
5,20,2.7,40.0
5,20,0.0,56.0
5,20,2.4,0.0
5,20,3.8,44.0
5,20,2.8,0.0
5,20,6.3,32.0
5,20,0.0,0.0
5,20,7.0,128.0
5,20,12.3,4.0
5,20,11.4,36.0
5,20,8.0,0.0
5,20,0.0,24.0
5,20,2.7,4.0
5,20,2.7,12.0
5,20,1.4,0.0
5,20,4.8,4.0
5,20,5.3,1128.0
5,20,3.6,216.0
5,20,8.9,24.0
5,20,2.7,244.0
5,20,1.2,32.0
5,20,1.4,4.0
5,20,0.0,32.0
5,20,0.0,100.0
5,20,3.5,24.0
5,20,2.4,8.0
5,20,1.3,40.0
5,20,6.0,512.0
5,20,1.3,164.0
5,20,0.0,144.0
5,20,4.1,56.0
5,20,1.2,0.0
5,20,2.4,180.0
5,20,1.2,0.0
5,20,2.8,12.0
5,20,4.1,0.0
5,20,0.0,20.0
5,20,0.0,108.0
5,20,1.2,0.0
5,20,2.8,0.0
5,20,3.6,0.0
5,20,2.6,36.0
5,20,1.3,8.0
5,20,0.0,32.0
5,20,0.0,28.0
5,20,5.2,148.0
5,20,55.7,4052.0
5,20,45.1,9004.0
5,20,0.0,120.0
5,20,3.7,11432.0
5,20,27.6,848.0
5,20,39.3,3068.0
5,20,18.8,352.0
5,20,1.2,8.0
5,20,3.8,0.0
5,20,6.0,17976.0
5,20,1.2,8.0
5,20,4.1,8.0
5,20,0.0,0.0
5,20,3.6,0.0
5,20,4.1,0.0
5,20,1.4,24.0
5,20,2.6,0.0
5,20,3.4,36.0
5,20,3.6,0.0
5,20,15.3,68.0
5,20,1.3,1188.0
5,20,0.0,10240.0
5,20,9.6,112348.0
5,20,11.0,10252.0
5,20,2.7,777.5
5,20,98.9,19098.5
5,20,90.0,14036.0
5,20,69.9,108.0
5,20,2.7,0.0
5,20,17.6,2867.0
5,20,7.8,0.0
5,20,1.3,0.0
5,20,0.0,584.0
5,20,2.5,0.0
5,20,4.3,52.0
5,20,0.0,48.0
5,20,14.8,28.0
5,20,0.0,36.0
5,20,1.4,112.0
5,20,4.1,140.0
5,20,1.4,8.0
5,20,0.0,16.0
5,20,3.2,0.0
5,20,1.2,8.0
5,20,1.4,124.0
5,20,6.0,144.0
5,20,5.0,372.0
5,20,1.3,40.0
5,20,0.0,0.0
5,20,1.3,84.0
5,20,1.4,0.0
5,20,0.0,72.0
5,20,1.4,0.0
5,20,0.0,24.0
5,20,4.2,0.0
5,20,0.0,4.0
5,20,1.3,0.0
5,20,1.2,24.0
5,20,1.4,0.0
5,20,9.6,0.0
5,20,7.7,56.0
5,20,1.4,0.0
5,20,2.4,28.0
5,20,0.0,16.0
5,20,4.8,32.0
5,20,0.0,68.0
5,20,3.6,44.0
5,20,0.0,24.0
5,20,0.0,64.0
5,20,4.7,136.0
5,20,0.0,68.0
5,20,6.4,32.0
5,20,0.0,40.0
5,20,1.4,12.0
5,20,3.8,104.0
5,20,0.0,0.0
5,20,4.1,8.0
5,20,0.0,0.0
5,20,1.4,8.0
5,20,27.3,1088.0
5,20,2.7,16.0
5,20,0.0,0.0
5,20,0.0,36.0
5,20,1.3,56.0
5,20,8.1,28.0
5,20,1.4,24.0
5,20,2.5,104.0
5,20,1.2,44.0
5,20,0.0,0.0
5,20,1.2,208.0
5,20,1.2,0.0
5,20,0.0,16.0
5,20,1.4,32.0
5,20,0.0,56.0
5,20,2.4,32.0
5,20,1.4,32.0
5,20,2.5,0.0
5,20,2.5,248.0
5,20,0.0,0.0
5,20,9.9,40.0
5,20,0.0,0.0
5,20,0.0,8.0
5,20,0.0,0.0
5,20,0.0,4.0
5,20,3.7,12.0
5,20,1.2,168.0
5,20,2.5,12.0
5,20,0.0,0.0
5,20,2.7,0.0
5,20,3.6,60.0
5,20,0.0,100.0
5,20,1.2,12.0
5,20,0.0,32.0
5,20,3.6,140.0
5,20,2.7,436.0
5,20,2.6,8.0
5,20,4.0,40.0
5,20,3.6,8.0
5,20,2.7,124.0
5,20,3.2,4.0
5,20,4.1,64.0
5,20,0.0,0.0
5,20,1.4,264.0
5,20,0.0,884.0
5,20,46.2,360.0
5,20,3.8,80.0
5,20,0.0,40.0
5,20,1.4,56.0
5,20,3.8,72.0
5,20,1.4,324.0
5,20,1.3,256.0
5,20,0.0,4.0
5,20,1.4,100.0
5,20,1.2,0.0
5,20,2.7,16.0
5,20,0.0,8.0
5,20,0.0,128.0
5,20,5.5,24.0
5,20,1.3,1468.0
5,20,11.8,24.0
5,20,2.5,64.0
5,20,2.8,44.0
5,20,4.1,12.0
5,20,25.6,48.0
5,20,18.2,1588.0
6,19,0.0,0.0
6,19,10.0,1132.0
6,19,8.9,0.0
6,19,3.1,136.0
6,19,7.7,0.0
6,19,1.4,40.0
6,19,11.1,40.0
6,19,8.3,1446.0
6,19,1.4,476.0
6,19,5.9,84.0
6,19,4.8,542.0
6,19,17.7,1360.0
6,19,10.1,992.0
6,19,57.7,6685.5
6,19,6.9,220.0
6,19,4.9,88.0
6,19,43.3,499.0
6,19,10.7,16.0
6,19,22.7,228.0
6,19,13.0,0.0
6,19,20.9,48.0
6,19,4.7,0.0
6,19,8.2,44.0
6,19,2.5,140.0
6,19,0.0,28.0
6,19,6.1,108.0
6,19,2.4,12.0
6,19,7.1,64.0
6,19,2.7,148.0
6,19,2.6,181.0
6,19,0.0,668.0
6,19,0.0,16.0
6,19,4.8,132.0
6,19,2.7,32.0
6,19,1.3,4812.0
6,19,9.9,133688.0
6,19,8.3,10060.0
6,19,21.8,8740.0
6,19,15.7,2829.5
6,19,13.0,5252.0
6,19,11.2,3364.0
6,19,9.6,3462.0
6,19,2.8,136.0
6,19,5.3,180.0
6,19,0.0,0.0
6,19,19.5,220.0
6,19,2.5,0.0
6,19,8.4,292.0
6,19,3.8,4.0
6,19,6.7,185.0
6,19,14.1,144.0
6,19,2.9,128.0
6,19,20.5,0.0
6,19,23.7,12.0
6,19,18.4,318.0
6,19,36.4,12.0
6,19,72.6,80.0
6,19,6.5,204.0
6,19,0.0,96.0
6,19,3.7,4.0
6,19,0.0,96.0
6,19,12.0,16.0
6,19,24.4,28.0
6,19,0.0,48.0
6,19,8.8,168.0
6,19,4.1,124.0
6,19,15.5,56.0
6,19,22.2,64.0
6,19,9.9,16.0
6,19,5.4,16.0
6,19,33.3,193.5
6,19,1.3,192.0
6,19,1.5,128.0
6,19,2.6,0.0
6,19,0.0,40.0
6,19,1.4,108.0
6,19,1.2,80.0
6,19,2.7,76.0
6,19,9.2,3132.0
6,19,2.4,0.0
6,19,4.8,44.0
6,19,1.3,0.0
6,19,7.0,52.0
6,19,0.0,0.0
6,19,4.0,108.0
6,19,2.7,20.0
6,19,4.1,0.0
6,19,3.1,308.0
6,19,0.0,60.0
6,19,1.2,56.0
6,19,0.0,20.0
6,19,1.2,16.0
6,19,9.3,88.0
6,19,0.0,24.0
6,19,0.0,144.0
6,19,0.0,44.0
6,19,0.0,128.0
6,19,5.3,40.0
6,19,2.4,0.0
6,19,11.7,132.0
6,19,6.5,0.0
6,19,9.5,32.0
6,19,1.3,4.0
6,19,4.8,112.0
6,19,2.4,0.0
6,19,0.0,24.0
6,19,2.6,0.0
6,19,1.3,60.0
6,19,2.7,92.0
6,19,8.8,32.0
6,19,31.4,600.0
6,19,13.8,3968.0
6,19,5.2,332.0
6,19,2.6,4.0
6,19,15.5,52.0
6,19,2.4,104.0
6,19,0.0,4.0
6,19,2.7,104.0
6,19,1.4,28.0
6,19,0.0,36.0
6,19,3.6,152.0
6,19,0.0,0.0
6,19,3.9,60.0
6,19,8.0,0.0
6,19,0.0,40.0
6,19,1.2,52.0
6,19,0.0,24.0
6,19,2.6,0.0
6,19,21.9,2756.0
6,19,17.2,100.0
6,19,33.8,844.0
6,19,9.1,452.0
6,19,17.6,232.0
6,19,2.7,0.0
6,19,2.8,140.0
6,19,4.0,88.0
6,19,9.8,40.0
6,19,14.1,40.0
6,19,20.3,28.0
6,19,14.3,32.0
6,19,9.3,68.0
6,19,70.8,236.0
6,19,15.5,156.0
6,19,5.3,32.0
6,19,0.0,24.0
6,19,1.2,36.0
6,19,5.5,44.0
6,19,12.0,204.0
6,19,0.0,0.0
6,19,0.0,272.0
6,19,0.0,0.0
6,19,0.0,116.0
6,19,10.8,0.0
6,19,11.4,8.0
6,19,0.0,0.0
6,19,1.4,44.0
6,19,2.7,120.0
6,19,2.7,164.0
6,19,0.0,4.0
6,19,1.3,4.0
6,19,24.1,52.0
6,19,0.0,48.0
6,19,5.3,16.0
6,19,0.0,32.0
6,19,5.3,8.0
6,19,0.0,112.0
6,19,1.3,84.0
6,19,13.0,12.0
6,19,0.0,24.0
6,19,5.0,80.0
6,19,5.1,184.0
6,19,1.2,0.0
6,19,1.4,40.0
6,19,0.0,0.0
6,19,1.4,4.0
6,19,0.0,184.0
6,19,12.8,52.0
6,19,3.4,0.0
6,19,9.5,112.0
6,19,2.4,0.0
6,19,37.6,52.0
6,19,1.2,143.5
6,19,3.7,12.0
6,19,7.7,0.0
6,19,0.0,88.0
6,19,2.6,152.0
6,19,0.0,52.0
6,19,80.0,28.0
6,19,19.8,8.0
6,19,20.7,220.0
6,19,12.3,32.0
6,19,8.2,40.0
6,19,21.7,28.0
6,19,0.0,128.0
6,19,5.4,208.0
6,19,3.8,40.0
6,19,14.7,16.0
6,19,1.1,30.0
6,19,5.2,12.0
6,19,6.8,20.0
6,19,6.8,0.0
6,19,10.0,164.0
6,19,3.9,0.0
6,19,2.6,36.0
6,19,7.6,12.0
6,19,70.5,64.0
6,19,10.8,56.0
6,19,10.9,32.0
6,19,15.1,708.0
6,19,4.9,108.0
6,19,32.5,0.0
6,19,3.7,544.0
6,19,8.6,84.0
6,19,10.4,112.0
6,19,15.2,40.0
6,19,14.9,164.0
6,19,8.2,1140.0
6,19,58.6,224.0
6,19,11.7,548.0
6,19,2.7,4.0
6,19,8.8,80.0
6,19,5.3,152.0
6,19,31.2,224.0
6,19,22.4,752.0
6,19,28.4,3153.5
6,19,3.7,116.0
6,19,6.8,68.0
6,19,6.4,32.0
6,19,7.8,60.0
6,19,30.5,540.0
6,19,2.6,32.0
6,19,0.0,0.0
6,19,27.8,28.0
6,19,2.7,64.0
6,19,2.4,136.0
6,19,0.0,0.0
6,19,14.1,12.0
6,19,14.8,48.0
6,19,16.7,8.0
6,19,14.5,244.0
6,19,8.8,4.0
6,19,18.2,28.0
6,19,2.5,296.0
6,19,0.0,32.0
6,19,0.0,4.0
6,19,25.7,204.0
6,19,0.0,28.0
6,19,0.0,60.0
6,19,1.4,8.0
6,19,8.5,100.0
6,19,1.2,2660.0
6,19,21.1,15657.5
6,19,0.0,1762.0
6,19,2.7,84.0
6,19,1.3,4.0
6,19,6.9,196.0
6,19,4.7,0.0
6,19,3.6,68.0
6,19,1.3,0.0
6,19,1.2,8.0
6,19,4.0,0.0
6,19,5.8,8.0
6,19,1.4,0.0
6,19,2.7,144.0
6,19,4.7,36.0
6,19,6.7,36.0
6,19,9.6,100.0
6,19,36.0,16.0
6,19,12.9,172.0
6,19,7.9,32.0
6,19,9.9,32.0
6,19,9.8,48.0
6,19,0.0,4.0
6,19,1.4,0.0
6,19,2.6,48.0
6,19,0.0,136.0
6,19,1.2,60.0
6,19,3.7,0.0
6,19,0.0,40.0
6,20,23.7,1068.0
6,20,0.0,204.0
6,20,0.0,0.0
6,20,0.0,44.0
6,20,28.9,16.0
6,20,4.9,148.0
6,20,0.0,24.0
6,20,0.0,40.0
6,20,0.0,52.0
6,20,4.1,32.0
6,20,1.3,216.0
6,20,0.0,28.0
6,20,0.0,56.0
6,20,1.3,12.0
6,20,2.8,48.0
6,20,3.7,136.0
6,20,0.0,40.0
6,20,0.0,0.0
6,20,4.1,36.0
